benchmark,replication,prediction_metric_objective,decision_metric_objective,spectral_metric_objective,neural_prediction_objective,neural_metric_objective,global_cost,global_regret,global_pred_mse,point_cost,point_regret,point_pred_mse,fixed_cost,fixed_regret,fixed_pred_mse,fixed_bandwidth,lasso_cost,lasso_regret,lasso_pred_mse,lasso_bandwidth,lasso_projected_dim,lasso_selected_count,lasso_alpha,lasso_selection_mse,prediction_cost,prediction_regret,prediction_pred_mse,prediction_bandwidth,learned_cost,learned_regret,learned_pred_mse,learned_bandwidth,spectral_cost,spectral_regret,spectral_pred_mse,spectral_bandwidth,spectral_dominant_weight,spectral_avg_frequency_norm,neural_cost,neural_regret,neural_pred_mse,neural_bandwidth,neural_parameter_norm,sof_apx_sol_cost,sof_apx_sol_regret,sof_apx_sol_pred_mse,sof_apx_sol_avg_leaf_support,sof_apx_risk_cost,sof_apx_risk_regret,sof_apx_risk_pred_mse,sof_apx_risk_avg_leaf_support,oracle_cost,prediction_angle,learned_angle,prediction_scale_ratio,learned_scale_ratio,sof_cost,sof_regret,sof_pred_mse,sof_avg_leaf_support,lasso_sof_cost,lasso_sof_regret,lasso_sof_pred_mse,lasso_sof_avg_leaf_support
B,0,12.577742148176378,5.5237254551721495,5.746499858342577,13.2809262955272,5.101466472654642,9.914905171066753,5.451028925978127,41.38336354281423,8.442042847760721,3.978166602672097,6.2809307242659465,5.154808329484511,0.6909320843958868,1.4278026888214568,0.3266041712112543,5.154808329484511,0.6909320843958868,1.4278026888214568,0.3266041712112543,2.0,2,0.001,14.249039916958948,4.87595920641729,0.4120829613286663,0.4973464150354089,1.2560075002235676,4.748786426176243,0.2849101810876187,0.9385947519485004,0.7225574461938006,5.200766198501111,0.7368899534124873,1.5103415386249806,0.8165104280281357,0.7317034908269,0.3537016897652238,5.026371421064635,0.5624951759760108,1.7366775687208242,0.5513124379420444,12.828402592931024,5.303079130995161,0.8392028859065368,3.2055648940449526,79.3755,5.279651277543554,0.8157750324549298,3.725396617488975,77.681,4.463876245088624,0.7723978096267431,0.8671320705971057,2772.0739871253745,295.99520929729897,5.337001707325639,0.8731254622370148,3.300563891824889,98.162,5.360103997691618,0.8962277526029938,3.407982161825605,96.9755
B,1,11.2963049307761,4.523444840045996,4.745049320333372,10.914399844492422,4.059938553009743,9.797539676932738,5.460448057137428,41.15407374885347,7.981775438793767,3.644683818998457,6.45878909362024,5.25632596144582,0.91923434165051,1.5921651318650154,0.3450339555819481,5.25632596144582,0.91923434165051,1.5921651318650154,0.3450339555819481,2.0,2,0.0811130830789686,16.253367766624997,4.768244579770807,0.4311529599754964,0.8491127202385585,0.9311481226175105,4.77523202797086,0.43814040817555,1.2117603996406638,0.8896993370168463,5.500497255415403,1.1634056356200926,2.5239823241995736,0.6038094222684091,0.6790215340876781,0.3747952774947041,4.606623435543191,0.2695318157478805,0.7650934380344739,1.4811221541073865,9.1684386115722,5.3729659760563235,1.035874356261013,3.2993728012972294,80.0,5.33369832000795,0.9966067002126398,3.830900776175525,74.8425,4.33709161979531,0.8323654669249188,-0.70212361859448,545.6246720956284,0.0022365985300706,5.409425140347688,1.0723335205523776,3.243143091182767,99.851,5.369260168615958,1.032168548820648,3.209220690866633,98.0625
B,2,13.04581335311448,5.123594412735248,4.317543218779646,12.582659789925051,4.354555502080154,9.9954817191708,5.7344545791352,41.24588907405142,9.016297605844931,4.755270465809332,7.219119924271923,5.635958144996703,1.3749310049611037,2.2714601450587617,0.6218982909904158,5.635958144996703,1.3749310049611037,2.2714601450587617,0.6218982909904158,2.0,2,0.2848035868435799,19.192306349012085,4.763256266939778,0.5022291269041785,0.9454459115417448,0.6344124322576215,4.694671277672351,0.4336441376367519,1.3230757026962388,0.4866170488963965,5.381893376982824,1.1208662369472249,2.566885843018803,1.3326391949794627,0.5000000080480363,0.2425742849689888,4.760354516788337,0.4993273767527375,1.4250094147584818,1.0113682695901345,10.04083039862788,5.334425199230899,1.0733980591952994,4.758291212608023,79.6675,5.115933916866659,0.8549067768310596,4.756424707530571,78.8385,4.2610271400355995,-0.7632261789855439,0.8855172974240736,0.0103447638323252,29.83781081464952,5.376405663659136,1.1153785236235365,4.8181576211922055,94.978,5.407407322522035,1.1463801824864357,4.83129234940498,93.922
B,3,9.972077471256377,4.807446509932993,5.16974294054959,10.90857304134555,4.2529829767550895,9.820902058589008,5.619809702368411,40.26815989127387,8.553263022042033,4.352170665821436,7.068149746357899,5.163359474388826,0.9622671181682289,1.8320230281160503,0.3170067601207352,5.163359474388826,0.9622671181682289,1.8320230281160503,0.3170067601207352,2.0,2,0.001,21.652388210708583,4.599583481490997,0.3984911252704002,0.5324841450340374,0.938088618216593,4.537107340136252,0.3360149839156552,0.9325723525266087,1.0295331833412424,5.113886534386325,0.9127941781657284,2.160258020562363,0.792516900301838,0.9358025779369644,3.011542535791333,4.585130662273403,0.3840383060528056,2.0274723612883054,0.9278043990992552,7.9987849711775345,5.094541718782088,0.8934493625614905,3.8730866275612703,80.8985,5.186665190609731,0.985572834389134,4.04765732943962,79.404,4.201092356220597,-0.759606418580268,0.8776703913866435,0.001301815583,1106.9169782501758,5.118042923168368,0.9169505669477712,3.694178709371737,100.032,5.096145185100547,0.8950528288799502,3.772185934732679,98.9835
B,4,14.194341901653852,5.746561590148186,5.859497715220343,14.23017167445609,5.31461279810849,9.57506994751485,5.2787101129727025,40.64707245989844,8.237761086988208,3.941401252446061,6.825481792841288,4.984877134845977,0.6885173003038298,2.0409837996546005,0.3499678737037127,4.984877134845977,0.6885173003038298,2.0409837996546005,0.3499678737037127,2.0,2,0.001,14.077273924236966,4.762763130349129,0.4664032958069821,0.8720610364720541,0.9957467891119358,4.767350477451624,0.4709906429094772,0.8980047156833932,1.10523257655946,4.9765566679152045,0.6801968333730573,2.065984413780158,0.6124437789814972,0.891284678428387,0.0113901372866989,4.527194812933882,0.2308349783917345,0.1732867648338858,1.5719181243001965,7.467711358952766,5.191169576255234,0.8948097417130869,3.6639621377966023,77.532,5.320376523100783,1.0240166885586357,5.442569305279072,75.1,4.296359834542147,0.8168082742348588,0.8301594413114619,567.1501820835164,863.7240542087128,5.173394679007295,0.8770348444651477,3.507819373450504,98.0425,5.196978766211757,0.9006189316696096,3.5710534619115664,97.5755
B,5,7.21593650391062,4.003490321181728,4.043087183451606,9.41480651007531,3.846315730441876,9.931873603361373,5.5598347203493885,41.66791898258001,8.788512488103756,4.416473605091773,7.05207731251904,5.024150507390829,0.6521116243788461,1.34859156453678,0.3291564719052118,5.024150507390829,0.6521116243788461,1.34859156453678,0.3291564719052118,2.0,2,0.0123284673944206,19.45155818942133,4.7634427853958,0.3914039023838178,0.6143519339775798,0.8871051031170609,4.669535016884651,0.2974961338726682,0.7487857056695737,0.7984408393766351,5.068046494155325,0.6960076111433429,1.7319542044092255,1.234336769644544,0.8798726779796123,0.4777460554712919,4.612135278252147,0.2400963952401644,0.7320367893814642,1.0036628770613596,7.250550288549021,4.96632716203963,0.5942882790276478,2.2563956378440793,79.0185,4.869475404698196,0.4974365216862138,2.5495754193909352,80.258,4.3720388830119825,0.7886709519442899,0.8324959831786866,975.4864502098338,626.7406296322058,4.9094085349727274,0.5373696519607449,2.1233226823304188,96.4845,4.911476083894491,0.5394372008825083,2.116238927932176,94.8405
B,6,10.274060671072474,4.508593831681537,4.392364354457182,11.97046273601694,4.350281648810579,9.859357106656216,5.617320074088985,40.78373107312579,8.36338860941699,4.121351576849758,7.881463406228868,5.271079315129366,1.0290422825621333,2.371726354234392,0.3414874395705815,5.271079315129366,1.0290422825621333,2.371726354234392,0.3414874395705815,2.0,2,0.5336699231206307,20.246060419826694,4.8961629811320595,0.6541259485648272,0.92011737168048,1.3464045638769906,4.832837059940832,0.5908000273736,1.6492270767995,1.3983646263983909,5.241791613964932,0.9997545813977,2.3334096024638153,1.7074371978529077,0.5840171644411056,0.4902922269233248,4.694411788259357,0.4523747556921247,0.590216158732059,1.3959314850598732,5.927134280490478,5.297238406315729,1.0552013737484964,3.61949748238082,80.1585,5.473757268142955,1.2317202355757226,4.236382529472206,76.693,4.242037032567232,0.7828281294093411,0.896513624386976,280.4813648241771,325.16897663549963,5.275436456375826,1.0333994238085935,3.5381449634221216,99.8315,5.240395500078128,0.9983584675108954,3.3628223545848797,99.74
B,7,14.271627635408493,5.218691934572233,5.635481928663913,13.869373658946332,4.8198424241400835,9.86371597907578,5.4518626786561395,41.00463504819184,8.325873926546551,3.914020626126911,6.943648433932243,5.147749206883977,0.7358959064643367,1.8756325157397424,0.3242284893812829,5.147749206883977,0.7358959064643367,1.8756325157397424,0.3242284893812829,2.0,2,0.001,13.020790291351114,4.732610719717385,0.3207574192977445,0.6643410668080273,0.5326735730040334,4.7135190065623105,0.3016657061426704,0.6651113366850369,0.5621501324204551,5.280577334626973,0.8687240342073332,2.01694174242379,1.215856835179811,0.5000001026512638,0.3847324464506828,4.857854503385834,0.4460012029661939,2.006946289868841,1.365162829951328,8.363555854672384,5.085712591638249,0.6738592912186085,2.902089410234377,80.7435,5.43603707814628,1.0241837777266405,4.502825249652023,76.3705,4.41185330041964,0.802770226738432,0.8331279410280631,56.833701036563426,71.75456007879977,5.101918313489852,0.6900650130702122,3.0527137206279087,101.6205,5.090788335491225,0.6789350350715848,2.971326831645957,100.155
B,8,12.786776019080277,5.187800507261502,4.946077520347261,12.791698245971157,4.7623813059112345,9.833431516032023,5.3673448778249035,40.564225331817156,8.256830114047604,3.7907434758404825,6.789002227030428,5.162289259762607,0.6962026215554857,1.3723192149867425,0.3236415841603527,5.162289259762607,0.6962026215554857,1.3723192149867425,0.3236415841603527,2.0,2,0.2848035868435799,23.67507814901487,5.157378931317612,0.6912922931104903,0.5676922710441531,1.500422127143524,5.105139481960763,0.6390528437536416,0.4843967751765234,1.81294231408371,5.181794956315156,0.7157083181080344,1.4189109109878133,0.8091039604008817,0.5000000000347675,2.05248561280562,5.051838266092466,0.5857516278853447,1.1230219488698518,0.5631487273104758,9.808758846193976,5.7660135288448755,1.299926890637754,4.740049407553035,76.9415,5.7273807755475845,1.261294137340463,4.926261748489651,73.1065,4.466086638207122,-0.7548070665723624,-0.7340116445394848,0.0022314625728607,0.0010320314761122,5.718955273911217,1.252868635704095,4.89740770810597,92.5785,5.727085048867142,1.2609984106600205,4.8048336784492935,92.138
B,9,12.5229249371784,5.047234372150956,5.4589551858430525,13.090274613518028,4.7592112784947895,9.735000481213367,5.40865624940516,41.491127001278656,7.660443630403053,3.3340993985948444,6.712424531779654,4.839187900222629,0.51284366841442,2.1086868191799732,0.3278731922265371,4.839187900222629,0.51284366841442,2.1086868191799732,0.3278731922265371,2.0,2,0.001,12.918930755930877,4.53492376517163,0.2085795333634212,1.093121506986304,0.7057551763541113,4.539785563973182,0.2134413321649733,0.6629963042164749,0.8352230352571856,4.859523316810113,0.5331790850019038,2.289196288967386,0.8196829805663427,0.6903776996555016,0.722056201641337,4.613437464807064,0.2870932329988553,1.5586531806540225,0.6645473114006952,5.71583129472347,5.092952249738662,0.7666080179304533,3.7386107007769502,76.9015,5.094321489851023,0.7679772580428139,4.224709608144973,74.5825,4.326344231808209,-0.6241896784244134,-0.6775491874390145,0.0036143402017741,0.0018017292741633,5.11009701557142,0.7837527837632114,3.617306315606742,91.219,5.105305209581926,0.7789609777737168,3.6299541781090214,91.0065
B,10,14.948049199864007,5.469596857895613,5.172320501726972,12.47164558919617,4.148444435464106,9.874234187743598,5.4218072891433735,40.512794366066196,8.399174760351233,3.946747861751009,7.326096235230017,5.175431207750895,0.7230043091506708,1.5184753695825164,0.3271141473438377,5.175431207750895,0.7230043091506708,1.5184753695825164,0.3271141473438377,2.0,2,0.5336699231206307,15.02904070750579,5.016012075201178,0.5635851766009532,0.628842076635191,1.138651186554846,5.0079558623883464,0.555528963788122,0.6124465808585079,1.1835291201939668,5.197891529851345,0.7454646312511208,1.5644581875944463,1.2266780525393917,0.6251979435707665,0.296829958160044,4.82224279874888,0.3698159001486552,0.8210347334563123,0.9008880505677994,10.158832418251244,5.465540584690399,1.0131136860901746,4.550828140345376,76.586,5.5913496161950125,1.138922717594788,5.824662875816604,72.5095,4.452426898600224,0.7773253796177921,0.7840648184713415,149.00785221893554,173.9585430179882,5.45782650698842,1.0053996083881955,4.51786188307538,93.818,5.491706469518247,1.0392795709180227,4.582887103842329,94.2565
B,11,11.539627651589042,4.770963998711579,4.956534971058997,13.21502437309888,4.941897895004162,9.657346401002677,5.323871640460039,40.81936287538152,8.355283144868718,4.02180838432608,6.538433297417794,5.145444923932281,0.8119701633896437,1.0955468399640875,0.3243499628955804,5.145444923932281,0.8119701633896437,1.0955468399640875,0.3243499628955804,2.0,2,0.001,18.836483935804782,4.684482025730856,0.3510072651882181,0.3879351430905641,0.7353491530606366,4.7800617909659,0.4465870304232622,1.054196038745301,0.6201601263309979,5.193808866333306,0.8603341057906686,1.2839448580981108,0.8108749072389508,0.7376155312222297,0.6909830000001363,4.834620906846855,0.501146146304217,0.8671154679022872,1.0361112133652437,10.303612554382095,5.398085551290542,1.0646107907479043,4.242411571509216,82.3445,5.080545781815152,0.7470710212725145,3.238878127349113,76.9915,4.333474760542638,0.7976076465759026,0.9001751918277054,241.5479882713427,116.11716621698066,5.336962078336548,1.00348731779391,4.215154596937691,97.0065,5.3513229747298,1.017848214187162,4.245274252166724,96.838
B,12,10.575663655760556,4.201230662421282,4.787444708504295,10.691610239232286,4.281550434076245,9.74932631696248,5.37151282319732,39.84643678195738,8.061809935690432,3.683996441925271,6.531451367626296,5.125318438768862,0.7475049450037012,1.4737464165435632,0.340966347730838,5.125318438768862,0.7475049450037012,1.4737464165435632,0.340966347730838,2.0,2,0.2848035868435799,20.515232703310332,4.799364326774899,0.4215508330097384,0.3511712900151207,1.204810829527957,4.787446723088187,0.4096332293230258,0.9319612671253874,0.7619641212349277,5.366634343644584,0.9888208498794232,2.512316063502266,1.2786238039906426,0.5030223702315131,0.4579951461310311,4.755117704612464,0.3773042108473028,1.1573840888326243,0.5770214933852416,7.530607682777364,5.146541350360851,0.7687278565956897,2.952260578374729,80.7725,5.120795758451001,0.7429822646858399,3.2790843951431152,80.6095,4.377813493765161,0.7760607398941406,0.8530685308556031,1609.2414999455114,250.8284624506104,5.191187287501605,0.813373793736444,2.981382424504579,99.2355,5.154744565218902,0.776931071453741,2.9389010589145976,98.3585
B,13,12.749048767194616,5.595273804243721,5.5480667335066425,12.57604125877241,4.7160603024333145,9.924375642529668,5.458293473936666,40.91666590192549,8.043816832385165,3.577734663792163,6.436250123395413,5.328013391192735,0.8619312225997335,1.4475162010771476,0.3420623724456333,5.328013391192735,0.8619312225997335,1.4475162010771476,0.3420623724456333,2.0,2,0.001,14.253249685567006,5.128079949690186,0.6619977810971838,0.498733647596743,0.8315652879524997,5.042646145924346,0.576563977331344,2.5187341388646023,1.2502704398587543,5.263408432194905,0.797326263601903,1.3687444691627997,1.282733896671125,0.5027839458789634,0.3368202286539151,4.9541504485760814,0.4880682799830795,1.22257477507449,1.874448183491488,9.344241246778063,5.795062212074481,1.3289800434814794,4.949768454466691,67.9875,5.446263588479556,0.980181419886554,4.4793521035726425,76.9435,4.466082168593002,0.7296945477985846,0.9596991283308826,296.1692720356164,1463.531292469936,5.783034463900882,1.31695229530788,4.978347455935603,86.404,5.786417141442998,1.320334972849996,4.922157405644388,84.427
B,14,11.46991357276859,4.8037537034796856,5.05415564046201,12.470675945019842,4.744224490288586,9.841718446084997,5.362309048717686,41.73905739636323,8.185588065575041,3.7061786682077305,6.120821257119409,5.1923227714529006,0.7129133740855895,1.880962358873978,0.334089283522427,5.1923227714529006,0.7129133740855895,1.880962358873978,0.334089283522427,2.0,2,0.0811130830789686,12.761867552944569,5.063694880712787,0.584285483345476,0.6860189459844233,0.8017865295916059,4.931886323791038,0.4524769264237269,0.5532110662329451,0.5529806407854135,5.199604601466579,0.7201952040992676,1.947076862273533,0.8352232088060675,0.5200935665022958,2.606620738186014,5.0432344550413895,0.5638250576740784,2.305986481837758,1.0432952807513445,13.299472210931196,5.38471971964793,0.9053103222806193,4.368449872017096,76.1755,5.4136904896640825,0.9342810922967716,5.212324551263768,81.3735,4.479409397367311,0.7481553559109564,0.8009569514803087,280.9201303179337,58.799064117768985,5.378438513653137,0.8990291162858259,4.199133394662498,95.6875,5.374301147163953,0.894891749796642,4.248977123823851,96.2885
B,15,12.56479118496681,5.32971244606392,5.452787583143856,11.701628694095255,4.9805113209899385,9.850942879630171,5.537327597898827,41.000795432103985,8.212127763973617,3.898512482242271,6.837184114091677,4.899242061155543,0.5856267794241967,1.5051257977126429,0.3348369101499148,4.899242061155543,0.5856267794241967,1.5051257977126429,0.3348369101499148,2.0,2,0.5336699231206307,19.0453408286126,4.7812351017396155,0.4676198200082693,1.999212989971202,1.5144543435079312,4.75442280815928,0.4408075264279336,1.5833051281518489,1.4804646888303432,5.131601037675148,0.817985755943802,2.7272549261761543,1.2556384130621805,0.6349507930632033,2.4843894835898306,4.728551138491529,0.4149358567601826,1.2598629315156706,0.8423238324627556,6.514792650792091,5.174290465142753,0.8606751834114066,3.3691241152122355,74.417,5.139803477296128,0.8261881955647814,3.691085127459416,78.6795,4.313615281731346,-0.7277810723158262,-0.6179925792933004,0.0023753929145588,0.0027236636003678,5.156113255031423,0.8424979733000768,3.3557360852275844,87.877,5.169146254553472,0.8555309728221259,3.3885399900186948,88.8745
B,16,9.539412852566867,4.160857708163896,4.647575263845712,10.481093052676933,4.108585145885666,9.933894217935892,5.5139132712436485,42.04749287405829,9.466210214501098,5.0462292678088545,7.083308676767263,5.058109196016964,0.6381282493247209,2.0278067329286285,0.3270671969088392,5.058109196016964,0.6381282493247209,2.0278067329286285,0.3270671969088392,2.0,2,0.0811130830789686,17.139219200881403,4.938533080595758,0.5185521339035146,0.5844087268495746,0.681519472102059,4.743459925960266,0.3234789792680228,0.7333838656125674,0.5675553718545197,5.632292434586043,1.2123114878937995,2.5319654580200224,0.5723675945904685,0.5931421609298779,1.8484233311640392,4.7679279771464715,0.347947030454228,0.8961696794411339,0.7140996790509937,9.691331224897352,5.324768405113827,0.9047874584215831,4.158641821581759,74.9275,5.1663928774943235,0.74641193080208,3.6625094758952574,81.154,4.4199809466922435,0.6954428445317125,0.8170968324957704,156.76983077393527,75.05768086398982,5.278148517121465,0.8581675704292211,4.062322085998552,95.8785,5.284754495514591,0.8647735488223471,4.0050756530826455,94.373
B,17,10.163797463734612,4.369356362684952,4.91546090393377,12.040621943668176,4.3146900618880455,9.881586963474824,5.529625593320285,41.825215423266506,7.739931608930997,3.3879702387764583,6.532547197817907,5.007960940512023,0.6559995703574835,1.298638065474916,0.3378840815993635,5.007960940512023,0.6559995703574835,1.298638065474916,0.3378840815993635,2.0,2,0.5336699231206307,15.713285366826982,5.008946160170182,0.6569847900156427,0.8748918625941353,1.1701255806190078,4.71715486666683,0.3651934965122905,0.7354645632318825,0.9405432302482354,5.104943314833257,0.7529819446787176,1.530015873513531,0.8447102039984089,0.5000001026457737,0.0095790347449277,4.61683773431805,0.264876364163511,0.3196931943340041,0.8673950365677986,7.721192115261726,5.115838636799944,0.7638772666454052,2.4999918410373274,77.4065,5.191078072093653,0.8391167019391137,3.275504117202394,77.159,4.351961370154539,0.6922025986983711,0.8605380265567928,1626.3981067188884,700.9310559364584,5.050564726741206,0.6986033565866672,2.2613777400725015,97.354,5.065192351390684,0.713230981236145,2.337143838573082,96.2805
B,18,11.050865655649805,4.646065392449074,4.567589252271133,11.799481150211507,4.558709013482597,9.622352461672104,5.23799202064004,40.28271090627196,7.887006197987066,3.502645756955002,7.032065130124791,5.056058107268061,0.671697666235997,1.848472429403412,0.325744335720066,5.056058107268061,0.671697666235997,1.848472429403412,0.325744335720066,2.0,2,0.001,15.932929901100405,4.830585128882937,0.4462246878508731,0.7365490203723811,1.003619016600673,4.847132802777187,0.4627723617451229,1.0649085373799552,0.8528995830881311,5.064749467772926,0.6803890267408619,1.951714547165508,0.8143608393001649,0.5016109635372615,0.0621745105381122,4.817610054254459,0.4332496132223946,1.3255001363362298,0.6321773591183663,6.833446390030818,5.3311537359611725,0.9467932949291082,3.954507027338864,74.4035,5.4202951655562455,1.0359347245241812,4.910713822653684,69.58,4.384360441032064,0.8051054701256712,0.8571092543483098,695.8488470576873,356.7507218821254,5.350986219071525,0.9666257780394608,4.088931259736769,94.073,5.341558998812583,0.9571985577805188,3.99915752204974,94.781
B,19,14.564428298945892,5.255305268325004,5.12596693374635,14.739009677553735,4.949316236373901,9.96835321304702,5.480811494876724,40.704247611674454,8.735214230305125,4.247672512134828,7.198169830616205,5.294448710864816,0.8069069926945192,1.4496424497729608,0.3298609180312398,5.294448710864816,0.8069069926945192,1.4496424497729608,0.3298609180312398,2.0,2,0.1519911082952933,16.24760701487466,5.14066686444381,0.6531251462735135,0.6183034826870062,0.6059144993647899,4.978257957092443,0.490716238922146,0.756676544596087,0.5021307013161314,5.436544992119736,0.9490032739494394,1.3823391664885858,0.5772566065546696,0.5096535785605597,0.8431521666773686,4.872632726078966,0.3850910079086693,0.364896813024224,1.0305417831728771,9.566022044194082,5.367199221941222,0.8796575037709253,2.677713972721153,81.2745,5.434761825957976,0.947220107787679,3.039331673159813,79.248,4.487541718170297,0.8100077544100921,0.9010739482920064,98.86892946112292,43.71621172923789,5.367946272264678,0.8804045540943815,2.6528113610054516,102.373,5.371889946570453,0.8843482284001558,2.6754077060774786,101.941
