benchmark,d,k,n_train,replication,method,regret,cost,pred_mse,avg_leaf_support,subsample_ratio,max_depth,validation_cost
A,20,3,100,0,SOF-LASSO,3.592241931418953,8.992325397133248,19.27261377154825,21.318,1.0,4.0,8.727374993814434
A,20,3,100,0,SOF-dec,6.216712264235288,11.616795729949583,52.064763405437716,96.663,0.5,4.0,11.314977013556973
A,20,3,100,0,SOF-pred,6.251810389660725,11.65189385537502,53.011152818309725,97.2115,0.5,4.0,11.363689576234279
A,20,3,100,0,SOF-raw,2.2345247274415376,7.634608193155833,15.452087858979437,20.9955,1.0,4.0,7.644297333720175
A,20,3,100,1,SOF-LASSO,5.141158492054274,10.798136187737162,41.75299706557997,93.4445,0.5,4.0,11.69560421488754
A,20,3,100,1,SOF-dec,6.306485448090347,11.963463143773236,52.881758571531144,97.9165,0.5,4.0,12.013646044813976
A,20,3,100,1,SOF-pred,3.4766813514314485,9.133659047114337,25.21369094675503,69.128,0.5,4.0,8.411192834807093
A,20,3,100,1,SOF-raw,6.482593643774866,12.139571339457754,44.449939225697364,34.4715,1.0,4.0,11.757270458787543
A,20,3,100,2,SOF-LASSO,3.1828147473438078,8.583775566912966,20.436452161602872,70.926,0.5,4.0,7.627512558109697
A,20,3,100,2,SOF-dec,2.529414196031939,7.930375015601097,14.113421959711362,74.974,0.5,4.0,7.533515767578076
A,20,3,100,2,SOF-pred,2.142439930151493,7.543400749720651,11.41445460248266,23.7515,1.0,4.0,7.26719655534228
A,20,3,100,2,SOF-raw,3.725910912225401,9.126871731794559,22.127017114281525,26.005,1.0,4.0,8.062922844203813
A,20,3,100,3,SOF-LASSO,2.9226096675575413,8.578193286807219,22.510459760195342,24.87,1.0,4.0,9.35527519551415
A,20,3,100,3,SOF-dec,3.1493401165167505,8.804923735766428,23.53496642830902,24.8495,1.0,4.0,10.336693163435278
A,20,3,100,3,SOF-pred,5.925009284812431,11.580592904062108,51.63393432891721,96.5055,0.5,4.0,12.418346275638905
A,20,3,100,3,SOF-raw,6.363078380070393,12.01866199932007,55.890979588454,53.5245,1.0,4.0,12.039061543328161
A,20,3,100,4,SOF-LASSO,3.741081300392671,9.330095237954826,22.43117927175612,24.425,1.0,4.0,8.900043940479097
A,20,3,100,4,SOF-dec,3.353287883920454,8.942301821482609,22.046364694413562,65.0495,0.5,4.0,7.54138198463625
A,20,3,100,4,SOF-pred,5.780833425287434,11.369847362849589,45.9246815068713,95.3785,0.5,4.0,9.610239263607307
A,20,3,100,4,SOF-raw,5.146285543820432,10.735299481382587,43.15476696981793,95.82,0.5,4.0,9.148661447578775
A,20,3,100,5,SOF-LASSO,2.752361801432584,8.42205036209702,17.881118839424293,76.1285,0.5,4.0,6.788018651129529
A,20,3,100,5,SOF-dec,3.158582780891023,8.828271341555459,20.89269188006559,69.982,0.5,4.0,7.3464898678260235
A,20,3,100,5,SOF-pred,3.2398250094100804,8.909513570074516,20.26848588691533,30.641,1.0,4.0,7.086816259332587
A,20,3,100,5,SOF-raw,6.607046995052364,12.2767355557168,53.82741374807728,96.4,0.5,4.0,11.290076407001093
A,20,3,200,0,SOF-LASSO,6.634878862862211,12.100639382110376,59.284463054859884,60.739,1.0,4.0,11.032819758432844
A,20,3,200,0,SOF-dec,2.87815901962869,8.343919538876856,19.725047276012514,122.509,0.5,4.0,8.542703376048479
A,20,3,200,0,SOF-pred,3.094497343050172,8.560257862298338,20.87125479354375,56.4675,1.0,4.0,9.274847666820653
A,20,3,200,0,SOF-raw,2.9589822473666505,8.424742766614816,19.93968912849775,125.8915,0.5,4.0,8.521350641886091
A,20,3,200,1,SOF-LASSO,5.80850871414817,11.550228569780499,55.06908765213355,173.8475,0.5,4.0,12.042759846704486
A,20,3,200,1,SOF-dec,2.7273671311756438,8.469086986807973,20.363557074468837,96.7125,0.5,4.0,9.163251076104194
A,20,3,200,1,SOF-pred,6.193700386585279,11.935420242217608,56.24355896076666,84.72,1.0,4.0,11.687325035810861
A,20,3,200,1,SOF-raw,3.1074855261801915,8.84920538181252,22.322260986894783,39.2275,1.0,4.0,9.498416868640042
A,20,3,200,2,SOF-LASSO,2.8564424457338395,8.43608141932523,18.379493347621676,103.619,0.5,4.0,7.745970923433145
A,20,3,200,2,SOF-dec,5.241260977193561,10.820899950784952,41.536975962379636,151.1015,0.5,4.0,10.583883706131141
A,20,3,200,2,SOF-pred,2.8990383529797112,8.478677326571102,18.71860589370962,116.6505,0.5,4.0,7.8195235529080795
A,20,3,200,2,SOF-raw,6.745676582287495,12.325315555878886,54.55736718454368,163.5595,0.5,4.0,11.27281280754072
A,20,3,200,3,SOF-LASSO,5.949143304588534,11.419774263214299,51.84749347625808,159.564,0.5,4.0,12.760367445294705
A,20,3,200,3,SOF-dec,3.3567009506331233,8.827331909258888,21.71582460293844,66.1385,1.0,4.0,9.381413637636118
A,20,3,200,3,SOF-pred,6.173826047053335,11.644457005679099,54.807572990945964,166.212,0.5,4.0,12.249315535938324
A,20,3,200,3,SOF-raw,3.0406103575049253,8.51124131613069,20.930618817882053,126.346,0.5,4.0,8.216658770123297
A,20,3,200,4,SOF-LASSO,1.7403219367462475,7.263334164147194,10.08376897308096,107.745,0.5,4.0,6.286448182922999
A,20,3,200,4,SOF-dec,6.246857835668771,11.769870063069718,52.474658730746555,155.848,0.5,4.0,10.136527378406639
A,20,3,200,4,SOF-pred,5.18323385865257,10.706246086053516,38.91505599634182,153.922,0.5,4.0,9.25254855746268
A,20,3,200,4,SOF-raw,1.8447266518624703,7.367738879263417,10.21635110935543,49.8285,1.0,4.0,7.623783858200673
A,20,3,200,5,SOF-LASSO,4.948083623620698,10.408565717721908,42.89698946026896,142.7635,0.5,4.0,13.092928485773259
A,20,3,200,5,SOF-dec,5.932836721890513,11.393318815991723,47.79833246885218,75.4075,1.0,4.0,13.239095747118071
A,20,3,200,5,SOF-pred,6.070472897461268,11.530954991562478,53.984627579807636,176.8765,0.5,4.0,13.845711902324917
A,20,3,200,5,SOF-raw,6.115100694490747,11.575582788591957,54.11369255798209,180.615,0.5,4.0,13.94506490689339
A,20,3,400,0,SOF-LASSO,4.611146077096482,10.284264270064329,40.70803301968425,281.3345,0.5,4.0,10.204437569987666
A,20,3,400,0,SOF-dec,2.7236038219846037,8.39672201495245,19.437030556929948,199.2135,0.5,4.0,7.949876329528732
A,20,3,400,0,SOF-pred,2.853630255211515,8.526748448179362,19.547363172890115,85.9565,1.0,4.0,7.954413992952235
A,20,3,400,0,SOF-raw,2.8948345263812065,8.567952719349053,20.126654347206014,92.126,1.0,4.0,7.865151839009382
A,20,3,400,1,SOF-LASSO,2.5838810585909613,8.079997979296897,16.5200968321072,111.298,1.0,4.0,9.026210552865246
A,20,3,400,1,SOF-dec,2.6194705500132915,8.115587470719227,17.689856088158717,109.922,1.0,4.0,9.272284533677471
A,20,3,400,1,SOF-pred,5.231071149539229,10.727188070245164,39.9034120614486,242.5895,0.5,4.0,9.998895734479873
A,20,3,400,1,SOF-raw,5.75480047040252,11.250917391108455,42.9048114104229,135.5455,1.0,4.0,10.349755107309665
A,20,3,400,2,SOF-LASSO,6.100565024602316,11.756139006718492,53.35075489833733,275.972,0.5,4.0,10.250240050091262
A,20,3,400,2,SOF-dec,6.1179806123170835,11.773554594433259,54.91986650742457,338.5645,0.5,4.0,10.324593047526534
A,20,3,400,2,SOF-pred,6.260463889733417,11.916037871849593,55.87690702044849,328.431,0.5,4.0,10.221027175367626
A,20,3,400,2,SOF-raw,2.59497790016613,8.250551882282306,17.998960473420265,189.7205,0.5,4.0,7.656207135447121
A,20,3,400,3,SOF-LASSO,4.889688844231916,10.597409605704584,37.94992187461661,207.4145,0.5,4.0,10.4311250118419
A,20,3,400,3,SOF-dec,3.084441887921818,8.792162649394486,20.192019859842212,87.7855,1.0,4.0,8.77841559131062
A,20,3,400,3,SOF-pred,5.941664119888586,11.649384881361254,50.965993805294985,342.1385,0.5,4.0,11.728375507130714
A,20,3,400,3,SOF-raw,4.850302021136821,10.55802278260949,38.185887097001014,233.726,0.5,4.0,10.408341943738636
A,20,3,400,4,SOF-LASSO,2.6993388398338443,8.28240627970541,17.722260679418877,191.313,0.5,4.0,8.515781568289723
A,20,3,400,4,SOF-dec,5.9905395998878355,11.573607039759402,49.2471206497651,340.408,0.5,4.0,11.753949128268426
A,20,3,400,4,SOF-pred,1.202697477168794,6.7857649170403604,6.353964103654159,180.645,0.5,4.0,7.110490064925298
A,20,3,400,4,SOF-raw,3.0015272314826316,8.584594671354198,18.64348339686307,125.8235,1.0,4.0,8.651432301154069
A,20,3,400,5,SOF-LASSO,4.834994896642544,10.605820679751501,38.01709937664146,237.9485,0.5,4.0,10.608701905823045
A,20,3,400,5,SOF-dec,2.5929787928232093,8.363804575932166,19.063004457338028,199.59,0.5,4.0,8.093090999804552
A,20,3,400,5,SOF-pred,5.80980113200468,11.580626915113637,49.70588041151613,321.2555,0.5,4.0,11.47903973703695
A,20,3,400,5,SOF-raw,2.60608551745979,8.376911300568747,19.730184788489847,114.586,1.0,4.0,8.0970566558188
A,20,3,800,0,SOF-LASSO,1.1348780589117382,6.749407401351514,6.758795669344174,159.29,1.0,4.0,6.7225378159400835
A,20,3,800,0,SOF-dec,2.5128742117679517,8.127403554207728,16.682537551247602,355.6405,0.5,4.0,7.925340307437693
A,20,3,800,0,SOF-pred,6.100086940697666,11.714616283137442,51.69672595880236,559.738,0.5,4.0,11.748779269078163
A,20,3,800,0,SOF-raw,4.963832275804713,10.57836161824449,38.566759905713155,461.77,0.5,4.0,10.702478116958089
A,20,3,800,1,SOF-LASSO,2.327528731478771,7.984189102651942,16.359816654085893,170.13,1.0,4.0,9.074516655518384
A,20,3,800,1,SOF-dec,5.464337409107067,11.120997780280238,49.13775992776848,597.3805,0.5,4.0,13.071972906831927
A,20,3,800,1,SOF-pred,4.643069923206118,10.29973029437929,40.1774844180398,430.1605,0.5,4.0,11.483567132585371
A,20,3,800,1,SOF-raw,2.4336102986972747,8.090270669870446,17.005438256961558,297.6375,0.5,4.0,8.833120453410361
A,20,3,800,2,SOF-LASSO,2.4302113144978055,7.9178690589943175,16.49537794348081,164.099,1.0,4.0,7.514391636675239
A,20,3,800,2,SOF-dec,2.5324797645874115,8.020137509083924,17.916588096015634,326.6745,0.5,4.0,7.498636290178856
A,20,3,800,2,SOF-pred,2.823640276496284,8.311298020992796,18.72568691803175,192.521,1.0,4.0,7.830613053958129
A,20,3,800,2,SOF-raw,2.599967402385386,8.087625146881898,18.02509592172233,335.4185,0.5,4.0,7.467469129776864
A,20,3,800,3,SOF-LASSO,4.949829036342114,10.60293655618765,39.41383596412532,417.0695,0.5,4.0,11.195755556257424
A,20,3,800,3,SOF-dec,2.587494154141946,8.240601673987483,16.80150771287833,327.9385,0.5,4.0,8.528721925268613
A,20,3,800,3,SOF-pred,5.148285576045629,10.801393095891166,40.66157059290606,283.205,1.0,4.0,11.610176947347757
A,20,3,800,3,SOF-raw,2.760031274697698,8.413138794543235,17.64615509187254,184.4555,1.0,4.0,8.778492310475972
A,20,3,800,4,SOF-LASSO,2.683195055123581,8.489421924566086,18.069480334919593,189.386,1.0,4.0,8.378774628852865
A,20,3,800,4,SOF-dec,4.8317223653674395,10.637949234809945,40.24421079942779,420.334,0.5,4.0,10.806037687688534
A,20,3,800,4,SOF-pred,5.907749152971172,11.713976022413677,51.677248830772925,520.219,0.5,4.0,11.492452963024661
A,20,3,800,4,SOF-raw,5.009175439182422,10.815402308624927,39.856650203186,254.1895,1.0,4.0,10.941506686373513
A,20,3,800,5,SOF-LASSO,5.05409086173001,10.727347903295525,41.01012476806564,265.0225,1.0,4.0,11.001561430494037
A,20,3,800,5,SOF-dec,2.3701054724691772,8.043362514034692,17.464766776528208,355.0535,0.5,4.0,8.321960761182776
A,20,3,800,5,SOF-pred,4.8529220332612155,10.52617907482673,40.77789950342312,290.2395,1.0,4.0,10.469557798028848
A,20,3,800,5,SOF-raw,5.716522220917568,11.389779262483083,50.4932709844613,555.6665,0.5,4.0,11.28251182198406
A,50,3,100,0,SOF-LASSO,2.250648692072404,7.739637764848481,12.606438868610915,31.258,1.0,4.0,8.705777638134464
A,50,3,100,0,SOF-dec,6.185775441009225,11.674764513785302,51.54309476151216,99.22,0.5,4.0,11.353309487445648
A,50,3,100,0,SOF-pred,6.276216441424115,11.765205514200192,52.860561789889346,98.988,0.5,4.0,11.694006921229532
A,50,3,100,0,SOF-raw,6.421555606762718,11.910544679538795,52.50089225640571,98.384,0.5,4.0,10.905164027230217
A,50,3,100,1,SOF-LASSO,4.097753205331199,9.650129628697067,26.22252991574993,24.1165,1.0,4.0,8.627027880026976
A,50,3,100,1,SOF-dec,6.425207724547415,11.977584147913284,53.325140169328066,98.783,0.5,4.0,11.047441498254239
A,50,3,100,1,SOF-pred,3.2998425193691263,8.852218942734995,22.67412810888054,81.653,0.5,4.0,7.870036388843091
A,50,3,100,1,SOF-raw,6.425783219005983,11.978159642371851,53.09816563374496,98.491,0.5,4.0,11.605389732540019
A,50,3,100,2,SOF-LASSO,2.9001165878410236,8.417434248480888,20.447881098074745,23.0315,1.0,4.0,8.861311598382898
A,50,3,100,2,SOF-dec,5.9082667830112205,11.425584443651084,51.09504599419434,27.2885,1.0,4.0,11.60027922054738
A,50,3,100,2,SOF-pred,5.917475779195519,11.434793439835383,51.458696523998114,98.942,0.5,4.0,12.4667734851258
A,50,3,100,2,SOF-raw,6.04049423965295,11.557811900292814,51.48515879280461,98.562,0.5,4.0,12.604180420164255
A,50,3,100,3,SOF-LASSO,2.644784677553419,8.359517230435479,15.866305752666415,23.7175,1.0,4.0,9.075262252071111
A,50,3,100,3,SOF-dec,5.407561682006939,11.122294234888999,41.58406213757136,94.2985,0.5,4.0,11.220228105737736
A,50,3,100,3,SOF-pred,6.5409803253511445,12.255712878233204,49.99199732449519,99.205,0.5,4.0,13.139104423701378
A,50,3,100,3,SOF-raw,6.488954577910384,12.203687130792444,49.45511222734838,98.532,0.5,4.0,12.462785525900523
A,50,3,100,4,SOF-LASSO,6.5408942880907395,12.124493816812974,55.72758106499473,97.152,0.5,4.0,12.817913399946999
A,50,3,100,4,SOF-dec,6.537193567741762,12.120793096463997,56.008269063607486,98.851,0.5,4.0,13.855959056097968
A,50,3,100,4,SOF-pred,5.228971376000961,10.812570904723195,42.00064226524322,81.917,0.5,4.0,11.327276439809005
A,50,3,100,4,SOF-raw,6.767628731129586,12.35122825985182,56.83204446794345,98.8405,0.5,4.0,13.744709107178371
A,50,3,100,5,SOF-LASSO,2.413563998326552,8.084799566158214,15.943187918621584,70.2905,0.5,4.0,7.003056089494252
A,50,3,100,5,SOF-dec,2.546696960245889,8.21793252807755,17.01182177114107,73.1825,0.5,4.0,7.0770656935660705
A,50,3,100,5,SOF-pred,6.440935689535793,12.112171257367455,50.85529924008914,97.1225,0.5,4.0,11.571725501063343
A,50,3,100,5,SOF-raw,6.070953825376046,11.742189393207708,49.75295366836139,98.968,0.5,4.0,11.420250127139191
A,50,3,200,0,SOF-LASSO,5.943713057411708,11.545747296186804,50.31768691627041,164.1955,0.5,4.0,11.932388197189425
A,50,3,200,0,SOF-dec,2.6973890517308554,8.29942329050595,17.652529943204556,128.4015,0.5,4.0,9.092709018995855
A,50,3,200,0,SOF-pred,5.942258057241538,11.544292296016634,49.9419675874681,181.993,0.5,4.0,12.19101376198373
A,50,3,200,0,SOF-raw,5.851091974951945,11.45312621372704,49.987573922899784,188.358,0.5,4.0,12.03715132074122
A,50,3,200,1,SOF-LASSO,1.469164926750433,7.209629268898418,10.410495661506364,122.2665,0.5,4.0,7.41778405361624
A,50,3,200,1,SOF-dec,3.3275641701148606,9.068028512262845,21.792231124958548,70.2425,1.0,4.0,8.711173081329896
A,50,3,200,1,SOF-pred,2.856066942705314,8.596531284853299,19.620858739144566,114.314,0.5,4.0,8.700530583124753
A,50,3,200,1,SOF-raw,4.660719355334336,10.40118369748232,39.13454250508269,157.8375,0.5,4.0,10.903316024249532
A,50,3,200,2,SOF-LASSO,5.991664681686533,11.485735103494815,52.345250226377566,167.4685,0.5,4.0,13.733778941343793
A,50,3,200,2,SOF-dec,5.887876917770367,11.381947339578648,51.58593280113883,184.4645,0.5,4.0,13.348319684786068
A,50,3,200,2,SOF-pred,5.521601620181087,11.015672041989369,45.503531456049124,72.845,1.0,4.0,12.511237269765193
A,50,3,200,2,SOF-raw,6.011530776031501,11.505601197839782,52.905625772947346,185.439,0.5,4.0,13.144877988961241
A,50,3,200,3,SOF-LASSO,6.760070093362221,12.251020336904775,58.76424353094869,92.061,1.0,4.0,11.036872620032618
A,50,3,200,3,SOF-dec,5.9592231354788305,11.450173379021384,54.50349846365539,186.5325,0.5,4.0,11.033778175235744
A,50,3,200,3,SOF-pred,6.04428218515213,11.535232428694684,54.999645306596214,189.739,0.5,4.0,10.99710895895961
A,50,3,200,3,SOF-raw,6.071411339391848,11.562361582934402,54.69843477564717,178.711,0.5,4.0,11.354176083902125
A,50,3,200,4,SOF-LASSO,2.7568700658168126,8.495265603967026,19.291873462110882,123.555,0.5,4.0,8.916526883827903
A,50,3,200,4,SOF-dec,5.719570946272059,11.457966484422272,51.70677658818633,185.4375,0.5,4.0,12.961224763999951
A,50,3,200,4,SOF-pred,5.442907357812109,11.181302895962322,49.03611401883085,185.4885,0.5,4.0,12.598543331939947
A,50,3,200,4,SOF-raw,4.394619554132769,10.133015092282982,38.451753631259606,153.495,0.5,4.0,11.426932516393173
A,50,3,200,5,SOF-LASSO,6.16651361611284,11.606239085600993,56.27290155562382,173.901,0.5,4.0,9.921989627035389
A,50,3,200,5,SOF-dec,6.223848781541975,11.663574251030129,56.307501607063884,186.7225,0.5,4.0,10.130716552809677
A,50,3,200,5,SOF-pred,7.733968516853353,13.173693986341506,64.71232345870825,79.3205,1.0,4.0,10.096315619650287
A,50,3,200,5,SOF-raw,3.31420813897813,8.753933608466284,21.914359564518257,53.1395,1.0,4.0,7.775332995979458
A,50,3,400,0,SOF-LASSO,5.681111119448551,11.221566802284928,47.765682358273175,159.7515,1.0,4.0,11.195516810912236
A,50,3,400,0,SOF-dec,6.024868357894348,11.565324040730724,54.29596073494588,361.6265,0.5,4.0,11.028933762197317
A,50,3,400,0,SOF-pred,6.376567568878326,11.917023251714703,54.32549357647522,208.7855,1.0,4.0,11.329389250136694
A,50,3,400,0,SOF-raw,6.010764351840488,11.551220034676865,54.031767582132694,359.8765,0.5,4.0,11.192450583681284
A,50,3,400,1,SOF-LASSO,6.483350781404704,12.003152360641899,54.05952445330785,276.692,0.5,4.0,11.863831516243666
A,50,3,400,1,SOF-dec,5.343517579781093,10.863319159018287,43.9054509863147,275.2105,0.5,4.0,10.867733038265305
A,50,3,400,1,SOF-pred,2.9488640484114157,8.46866562764861,19.532418878077973,114.186,1.0,4.0,7.870947743909535
A,50,3,400,1,SOF-raw,2.812461664003239,8.332263243240433,19.254532680516,215.255,0.5,4.0,7.65601032811914
A,50,3,400,2,SOF-LASSO,5.295457014018268,11.002797739056321,41.630160658009146,121.8445,1.0,4.0,10.248288852044123
A,50,3,400,2,SOF-dec,6.1686140138897585,11.875954738927812,53.848402971684024,345.487,0.5,4.0,11.827313852932782
A,50,3,400,2,SOF-pred,6.133631871724285,11.840972596762338,54.055047944317444,334.59,0.5,4.0,11.901583560468033
A,50,3,400,2,SOF-raw,5.833920098741446,11.5412608237795,51.67838167179218,346.7295,0.5,4.0,11.97058242149993
A,50,3,400,3,SOF-LASSO,1.1009390941339774,6.873895600853077,6.205778528353655,175.902,0.5,4.0,6.4515210934083775
A,50,3,400,3,SOF-dec,5.268267150973712,11.041223657692811,44.08734016331223,187.633,1.0,4.0,10.20850827471861
A,50,3,400,3,SOF-pred,2.8643660466199545,8.637322553339054,19.42886507273118,107.2745,1.0,4.0,8.59387571455552
A,50,3,400,3,SOF-raw,6.26143362709448,12.034390133813579,54.02458610854932,355.51,0.5,4.0,11.117520602613281
A,50,3,400,4,SOF-LASSO,4.963734333814276,10.59142610038376,37.03586736971076,248.369,0.5,4.0,11.519166514342293
A,50,3,400,4,SOF-dec,6.803487511984008,12.431179278553492,54.04991316298266,150.7335,1.0,4.0,12.494283568349301
A,50,3,400,4,SOF-pred,2.6623057107780674,8.289997477347551,17.734911398967764,198.8195,0.5,4.0,8.976266026554772
A,50,3,400,4,SOF-raw,6.252543144635352,11.880234911204836,50.42353551151769,331.4085,0.5,4.0,12.679909716769854
A,50,3,400,5,SOF-LASSO,5.876592334851108,11.394743245722118,51.25601928189959,340.801,0.5,4.0,11.876011739514416
A,50,3,400,5,SOF-dec,6.677632627301343,12.195783538172353,52.770610051249044,221.0355,1.0,4.0,12.08829557531782
A,50,3,400,5,SOF-pred,5.904470513772554,11.422621424643564,51.86935896015793,356.9505,0.5,4.0,12.04719932822321
A,50,3,400,5,SOF-raw,1.307735358355993,6.825886269227003,7.279658966598239,196.08,0.5,4.0,7.03672753112401
A,50,3,800,0,SOF-LASSO,2.7225040320523775,8.419824268573757,18.467425048982076,167.9325,1.0,4.0,8.056052446813096
A,50,3,800,0,SOF-dec,5.493793556461478,11.191113792982858,49.18526758950661,686.648,0.5,4.0,11.195136855036194
A,50,3,800,0,SOF-pred,2.5676352969178584,8.264955533439238,17.52976684808612,173.799,1.0,4.0,8.119901962944118
A,50,3,800,0,SOF-raw,2.6298484472277632,8.327168683749143,18.365498967118576,179.2185,1.0,4.0,8.136565366422825
A,50,3,800,1,SOF-LASSO,5.726075725024312,11.42182064966928,49.49975532983541,517.6115,0.5,4.0,12.1132026447724
A,50,3,800,1,SOF-dec,4.794686661133207,10.490431585778175,38.17092039779468,485.481,0.5,4.0,10.822510780221682
A,50,3,800,1,SOF-pred,5.132875663086114,10.828620587731082,40.32491827298657,289.5165,1.0,4.0,11.313327477819453
A,50,3,800,1,SOF-raw,4.958148959413178,10.653893884058146,38.41930330178896,247.3965,1.0,4.0,10.683211868371735
A,50,3,800,2,SOF-LASSO,4.876287528563014,10.437752884280478,40.91355174165422,268.9195,1.0,4.0,11.0330501471549
A,50,3,800,2,SOF-dec,4.916674619162413,10.478139974879877,41.27787655635802,291.9165,1.0,4.0,10.968144620913314
A,50,3,800,2,SOF-pred,4.817504584209991,10.378969939927455,41.19038057842862,292.858,1.0,4.0,10.918128424833945
A,50,3,800,2,SOF-raw,4.981909042550302,10.543374398267765,40.658124663220356,277.7815,1.0,4.0,11.07705070775889
A,50,3,800,3,SOF-LASSO,4.86855380564278,10.442264414836732,37.501776255074596,239.9795,1.0,4.0,10.363049810005144
A,50,3,800,3,SOF-dec,2.3596572821658484,7.9333678913598,16.293530719484924,395.3355,0.5,4.0,8.057744968452393
A,50,3,800,3,SOF-pred,2.409473169926665,7.983183779120616,15.936434165103803,407.565,0.5,4.0,7.870437784868734
A,50,3,800,3,SOF-raw,2.4080569433705277,7.981767552564479,16.691003272450804,388.1935,0.5,4.0,8.037908481040997
A,50,3,800,4,SOF-LASSO,0.9749744855079978,6.562924575365729,6.205720144516151,292.401,0.5,4.0,6.549483605805216
A,50,3,800,4,SOF-dec,5.558975158823305,11.146925248681036,51.449975393982776,684.427,0.5,4.0,11.671011554709153
A,50,3,800,4,SOF-pred,5.802549626593056,11.390499716450787,52.15162636548419,353.7605,1.0,4.0,11.71047283988555
A,50,3,800,4,SOF-raw,4.566579164105283,10.154529253963014,39.03686531790222,492.597,0.5,4.0,10.2016075730404
A,50,3,800,5,SOF-LASSO,4.692391683402207,10.32112404452161,38.059624465166024,449.068,0.5,4.0,10.202805383576376
A,50,3,800,5,SOF-dec,2.5137509984239426,8.142483359543347,17.056125500414826,187.639,1.0,4.0,7.795067281899093
A,50,3,800,5,SOF-pred,5.889973202218728,11.518705563338132,52.27812227889371,702.0365,0.5,4.0,11.45116063165471
A,50,3,800,5,SOF-raw,2.502766429902225,8.13149879102163,17.041532998865737,337.2155,0.5,4.0,7.933392403935965
A,100,3,100,0,SOF-LASSO,4.985393903463499,10.535707667118587,44.37612524489693,92.7235,0.5,4.0,11.447121754282927
A,100,3,100,0,SOF-dec,3.5425512054420922,9.09286496909718,24.46054516939118,24.764,1.0,4.0,9.150900685208779
A,100,3,100,0,SOF-pred,8.117075163634937,13.667388927290023,70.41284025924554,36.605,1.0,4.0,13.696801723624347
A,100,3,100,0,SOF-raw,6.096588316598271,11.646902080253358,55.12125495207063,99.409,0.5,4.0,13.137683646377386
A,100,3,100,1,SOF-LASSO,3.0171235131065712,8.555174977790353,20.597429874726213,68.022,0.5,4.0,8.174452039532591
A,100,3,100,1,SOF-dec,6.595382797849749,12.13343426253353,53.025416072787166,99.359,0.5,4.0,12.265939329394325
A,100,3,100,1,SOF-pred,4.258363037859495,9.796414502543277,27.326138873074406,24.4535,1.0,4.0,8.964424054555325
A,100,3,100,1,SOF-raw,5.345821892064886,10.883873356748667,43.726394221041176,96.543,0.5,4.0,11.7701990530804
A,100,3,100,2,SOF-LASSO,6.38364841806015,11.966327704877159,55.37809115570011,96.4715,0.5,4.0,11.998744019789342
A,100,3,100,2,SOF-dec,3.343070457152609,8.925749743969618,24.938047929793424,70.3405,0.5,4.0,9.530479714897787
A,100,3,100,2,SOF-pred,6.5234025290572495,12.106081815874258,55.0323383918807,99.0465,0.5,4.0,12.273483302132888
A,100,3,100,2,SOF-raw,6.546816561432014,12.129495848249023,55.324909826212796,99.183,0.5,4.0,12.165256279402328
A,100,3,100,3,SOF-LASSO,5.926940817086123,11.649402225042115,52.53078134334389,94.9215,0.5,4.0,10.934622754017175
A,100,3,100,3,SOF-dec,3.3472820894789006,9.069743497434892,24.247076325026352,27.9485,1.0,4.0,8.852917474124636
A,100,3,100,3,SOF-pred,3.500981429832608,9.2234428377886,23.62505210344914,82.346,0.5,4.0,8.740221622865828
A,100,3,100,3,SOF-raw,5.974796418919055,11.697257826875047,52.39865730148474,99.4035,0.5,4.0,11.264904103738502
A,100,3,100,4,SOF-LASSO,4.183299058803696,9.779609267813612,26.585708408236314,23.2075,1.0,4.0,8.441996823985834
A,100,3,100,4,SOF-dec,6.081630773610783,11.677940982620699,53.030773429436785,99.3155,0.5,4.0,11.07093621277712
A,100,3,100,4,SOF-pred,5.438767916387405,11.035078125397321,44.970616051751364,98.515,0.5,4.0,10.622380562878197
A,100,3,100,4,SOF-raw,6.283777550296827,11.880087759306743,53.44097764143445,98.089,0.5,4.0,11.56949720041548
A,100,3,100,5,SOF-LASSO,2.7598205531241824,8.346378709688903,16.256780790762804,22.711,1.0,4.0,10.18261789923036
A,100,3,100,5,SOF-dec,5.870021076258533,11.456579232823254,50.32731678995572,99.277,0.5,4.0,15.16849285064526
A,100,3,100,5,SOF-pred,5.979714204877526,11.566272361442246,51.075192233653375,98.368,0.5,4.0,14.822722341576387
A,100,3,100,5,SOF-raw,5.873152210992483,11.459710367557204,49.99306702367213,99.551,0.5,4.0,15.349633614788079
A,100,3,200,0,SOF-LASSO,5.1453418306672285,10.725864947870644,42.629213433914074,141.106,0.5,4.0,10.05206056824669
A,100,3,200,0,SOF-dec,6.228902770738155,11.80942588794157,56.01762288438846,190.217,0.5,4.0,12.121024426612339
A,100,3,200,0,SOF-pred,6.3965009592029665,11.977024076406382,56.393558529167976,179.703,0.5,4.0,11.937406970571965
A,100,3,200,0,SOF-raw,6.368894893921525,11.94941801112494,56.040926786024656,187.7605,0.5,4.0,12.143589377368624
A,100,3,200,1,SOF-LASSO,5.514399222419376,11.181363146058425,43.06191565858811,63.088,1.0,4.0,10.417914408663483
A,100,3,200,1,SOF-dec,6.0384382051681325,11.705402128807181,52.86749835154852,188.4385,0.5,4.0,11.799831700033206
A,100,3,200,1,SOF-pred,3.060720816156625,8.727684739795674,20.90822352330396,60.1945,1.0,4.0,8.701583053255293
A,100,3,200,1,SOF-raw,4.979405004498261,10.64636892813731,41.700142124160756,160.94,0.5,4.0,10.238502588058351
A,100,3,200,2,SOF-LASSO,1.638904273136129,7.287629997305495,9.180015391037138,107.401,0.5,4.0,6.477382240454303
A,100,3,200,2,SOF-dec,6.193214122913344,11.84193984708271,53.7193329738753,189.1505,0.5,4.0,10.674484351489957
A,100,3,200,2,SOF-pred,6.187227097651937,11.835952821821303,52.55889655914194,185.9115,0.5,4.0,10.608624085780287
A,100,3,200,2,SOF-raw,1.9937003277945875,7.6424260519639535,12.119046308891306,46.1475,1.0,4.0,6.62924754181809
A,100,3,200,3,SOF-LASSO,5.153602671147639,10.921259223821588,43.780557982709084,169.663,0.5,4.0,11.320336040695876
A,100,3,200,3,SOF-dec,3.3990137488799173,9.166670301553866,23.649727913579053,61.091,1.0,4.0,10.050466129354902
A,100,3,200,3,SOF-pred,6.298004880320941,12.06566143299489,57.44513324870544,83.1905,1.0,4.0,11.517784384555668
A,100,3,200,3,SOF-raw,5.737348706364025,11.505005259037974,52.592463631542095,187.174,0.5,4.0,11.90221213935383
A,100,3,200,4,SOF-LASSO,6.694314850935,12.424785877223236,59.646620268548546,66.046,1.0,4.0,12.05452481564434
A,100,3,200,4,SOF-dec,5.067650797387224,10.79812182367546,43.83497104044458,148.807,0.5,4.0,11.055249850836965
A,100,3,200,4,SOF-pred,5.5996127708946295,11.330083797182866,48.10744458618841,63.892,1.0,4.0,11.1983548510432
A,100,3,200,4,SOF-raw,6.061158628556059,11.791629654844295,55.925382162855605,189.711,0.5,4.0,12.387331850621075
A,100,3,200,5,SOF-LASSO,1.7689753887605493,7.276359527895875,10.67450593788064,103.995,0.5,4.0,7.077486344742779
A,100,3,200,5,SOF-dec,5.190345155065442,10.697729294200768,41.80036900261689,164.438,0.5,4.0,9.586488088831626
A,100,3,200,5,SOF-pred,6.832771108530613,12.340155247665939,55.109673377857206,123.4335,1.0,4.0,11.072979514913529
A,100,3,200,5,SOF-raw,6.206829955090235,11.71421409422556,53.55333366429273,187.499,0.5,4.0,10.943278528818238
A,100,3,400,0,SOF-LASSO,2.8045324833038894,8.436344607384777,17.083654217431796,183.4825,0.5,4.0,7.952221014471014
A,100,3,400,0,SOF-dec,2.8023646548621084,8.434176778942996,17.339870675552657,199.403,0.5,4.0,7.992201883563018
A,100,3,400,0,SOF-pred,3.0467702941946815,8.67858241827557,18.8345774123778,128.871,1.0,4.0,8.329462661808785
A,100,3,400,0,SOF-raw,6.009291694918112,11.641103818999,50.35226420831803,351.151,0.5,4.0,11.611752792886456
A,100,3,400,1,SOF-LASSO,2.8711833596614635,8.489107407063177,19.29986229107643,196.317,0.5,4.0,9.179617354920957
A,100,3,400,1,SOF-dec,6.005244992903753,11.623169040305466,52.360412529453626,365.189,0.5,4.0,12.341655309952925
A,100,3,400,1,SOF-pred,4.836523829887877,10.45444787728959,39.1011112217529,211.8385,0.5,4.0,10.276148738516177
A,100,3,400,1,SOF-raw,5.748286250841197,11.36621029824291,50.27911815001814,328.082,0.5,4.0,11.795569669935539
A,100,3,400,2,SOF-LASSO,1.162427526723981,6.793777281148901,6.031025249957536,167.6065,0.5,4.0,6.318684168191316
A,100,3,400,2,SOF-dec,2.671707917596133,8.303057672021053,18.59335511471774,217.903,0.5,4.0,7.373397546868273
A,100,3,400,2,SOF-pred,4.9035464432511455,10.534896197676066,42.21383491321464,304.5015,0.5,4.0,9.462904620391376
A,100,3,400,2,SOF-raw,6.02078438203448,11.6521341364594,55.26211364881668,352.715,0.5,4.0,10.204867761441271
A,100,3,400,3,SOF-LASSO,2.8038740338627894,8.52008308548508,19.982397370243465,97.8165,1.0,4.0,8.601906239932465
A,100,3,400,3,SOF-dec,5.436361653446082,11.152570705068372,43.061166240213964,138.151,1.0,4.0,11.869399097074755
A,100,3,400,3,SOF-pred,6.291671552990089,12.00788060461238,52.89255282665878,352.502,0.5,4.0,12.657750170688955
A,100,3,400,3,SOF-raw,4.97172371830012,10.68793276992241,40.72681808581723,266.452,0.5,4.0,11.200609468658758
A,100,3,400,4,SOF-LASSO,5.675943162383276,11.479191333490723,52.85189136159564,305.0575,0.5,4.0,11.444489636232156
A,100,3,400,4,SOF-dec,5.876076888485975,11.679325059593422,54.249284701743875,368.23,0.5,4.0,11.956072805010493
A,100,3,400,4,SOF-pred,4.888263007966278,10.691511179073725,40.68496081181094,285.488,0.5,4.0,10.504614423995331
A,100,3,400,4,SOF-raw,2.4439547860934345,8.247202957200882,18.024856083708098,189.261,0.5,4.0,8.290542612656145
A,100,3,400,5,SOF-LASSO,5.618119857330277,11.217228937938962,44.073523757673165,105.3045,1.0,4.0,10.301340760900308
A,100,3,400,5,SOF-dec,5.715698067266888,11.314807147875573,43.917660101464094,119.0555,1.0,4.0,10.329119681998236
A,100,3,400,5,SOF-pred,6.342091965696713,11.941201046305398,53.859273893386494,366.9565,0.5,4.0,11.381054169822795
A,100,3,400,5,SOF-raw,2.494704597865595,8.09381367847428,17.60189747321674,188.264,0.5,4.0,8.745472107549714
A,100,3,800,0,SOF-LASSO,5.2140910803229215,10.897413165710221,40.797008931640725,387.252,0.5,4.0,9.488065431653446
A,100,3,800,0,SOF-dec,2.648734141364601,8.3320562267519,18.453968478278906,358.329,0.5,4.0,7.807084583057234
A,100,3,800,0,SOF-pred,6.317814468705816,12.001136554093115,54.577359201283926,732.3995,0.5,4.0,10.717405648729345
A,100,3,800,0,SOF-raw,5.977979970732493,11.661302056119792,51.79280580213458,593.1885,0.5,4.0,10.481180786045888
A,100,3,800,1,SOF-LASSO,4.5437435056477815,10.159877753068912,36.229447800153515,451.8455,0.5,4.0,10.351131039599602
A,100,3,800,1,SOF-dec,5.1130674572717,10.72920170469283,40.14683859085318,285.221,1.0,4.0,10.328997909187674
A,100,3,800,1,SOF-pred,5.831821501557214,11.447955748978345,49.793038687735454,711.358,0.5,4.0,11.454820318089237
A,100,3,800,1,SOF-raw,2.5376947720445395,8.15382901946567,16.660723012584786,338.936,0.5,4.0,7.6280916039373405
A,100,3,800,2,SOF-LASSO,2.804438118440247,8.33919750508537,19.987547190626152,204.6445,1.0,4.0,8.68510638445617
A,100,3,800,2,SOF-dec,6.354244026299611,11.889003412944733,55.833034529314126,725.183,0.5,4.0,11.741714437890996
A,100,3,800,2,SOF-pred,2.8760967143043636,8.410856100949486,20.135246129196684,212.828,1.0,4.0,8.828450063159188
A,100,3,800,2,SOF-raw,3.0374579986581054,8.572217385303228,20.69201513676348,191.6205,1.0,4.0,8.565179145828061
A,100,3,800,3,SOF-LASSO,2.6651089994026567,8.356149849209546,17.24006042175508,180.1045,1.0,4.0,8.934765614410246
A,100,3,800,3,SOF-dec,5.996770326920702,11.68781117672759,50.68008417424694,716.173,0.5,4.0,12.596086432968423
A,100,3,800,3,SOF-pred,5.963384588363272,11.654425438170161,50.37297640266078,718.067,0.5,4.0,12.550736660721455
A,100,3,800,3,SOF-raw,6.517019825803027,12.208060675609916,53.858782558492855,362.1845,1.0,4.0,12.526911131349175
A,100,3,800,4,SOF-LASSO,1.1548900373009827,6.6109999536357025,6.279921614478464,297.3125,0.5,4.0,6.436687182531373
A,100,3,800,4,SOF-dec,6.274307129581562,11.730417045916282,52.432920605866805,707.364,0.5,4.0,11.421752880052093
A,100,3,800,4,SOF-pred,2.935442046383857,8.391551962718577,18.515748591119813,214.6585,1.0,4.0,8.721056131298905
A,100,3,800,4,SOF-raw,5.130320064128325,10.586429980463045,39.84354754248537,476.305,0.5,4.0,10.100967307477884
A,100,3,800,5,SOF-LASSO,2.4761499740103012,8.166028360350658,16.31055438381087,174.4395,1.0,4.0,8.100080521304951
A,100,3,800,5,SOF-dec,5.796455724793976,11.486334111134333,50.18635269667484,641.5255,0.5,4.0,12.373209390652105
A,100,3,800,5,SOF-pred,5.171991120255175,10.861869506595532,41.24720921811138,242.654,1.0,4.0,10.758599217101162
A,100,3,800,5,SOF-raw,5.778497422132299,11.468375808472656,50.463187635106095,647.648,0.5,4.0,12.02847621275322
