replication,alpha,pred_scale_x1,pred_scale_x2,pred_x2_share,pred_regret,pred_bandwidth,dec_scale_x1,dec_scale_x2,dec_x2_share,dec_regret,dec_bandwidth
0,0.5,12.859198375964942,0.07776534514539371,0.006011097102985412,0.02912911166275345,1.2239634588398036,13.35386283502771,0.07488469908324656,0.005576447013619745,0.029115189417694864,1.2466144528702652
0,0.7,12.859198375964942,0.07776534514539371,0.006011097102985412,0.06796677767390724,0.6994076907656022,15.027207585287707,0.06654596300240397,0.004408841232865008,0.07121273723030164,0.7546872774821637
0,0.85,12.859198375964942,0.07776534514539371,0.006011097102985412,0.18232582736073616,0.6994076907656022,8.408026755690953,0.11893396977158195,0.013947990802447435,0.16258083705971166,0.569947674695404
0,0.9,12.859198375964942,0.07776534514539371,0.006011097102985412,0.21450810834228567,0.6994076907656022,7.019462683828282,0.14246104652765515,0.019891449824274383,0.18015832884872457,0.523656482183953
0,0.95,12.859198375964942,0.07776534514539371,0.006011097102985412,0.24326550947541362,1.7485192269140053,4.3893015793261005,0.22782667855634836,0.04934380546336315,0.16693206460088258,0.42919787929102154
0,0.99,12.859198375964942,0.07776534514539371,0.006011097102985412,0.16845695108309494,1.7485192269140053,1.4436280317586576,0.6926992119859152,0.32424770784261786,0.12894904106942612,0.5872748024254194
1,0.5,15.406714526753342,0.0649067650512721,0.004195214181312304,0.06773977814791043,0.7410260070114773,20.44157766487168,0.04891990316963032,0.0023874433994189523,0.0673392519402014,0.8521831773984637
1,0.7,15.406714526753342,0.0649067650512721,0.004195214181312304,0.121466033258673,0.7410260070114773,13.74592477125455,0.07274883404652395,0.0052645308894636806,0.11821993612848902,0.7008192549865339
1,0.85,15.406714526753342,0.0649067650512721,0.004195214181312304,0.22296631364436825,0.7410260070114773,9.046430918360803,0.1105408319617388,0.012071767280252355,0.19415797999875095,0.572958745207427
1,0.9,15.406714526753342,0.0649067650512721,0.004195214181312304,0.2875991841810947,0.7410260070114773,1.1353232664755297,0.8808064007217752,0.43687983717149315,0.17985129473863443,0.33474687803760955
1,0.95,15.406714526753342,0.0649067650512721,0.004195214181312304,0.3328177247718613,0.7410260070114773,1.5110569353659487,0.6617884320538984,0.3045722636211989,0.1831969416028768,0.3358909250655479
1,0.99,15.406714526753342,0.0649067650512721,0.004195214181312304,0.24442468007181628,0.7410260070114773,0.6818952751615032,1.4665008490682907,0.6826026320420939,0.1379757449142943,0.5923184049610978
2,0.5,22.723261577473746,0.044007766956805604,0.001932940059303643,0.03792744574482798,0.8947812916505886,44.02724815370276,0.022713206978299382,0.000515623766212271,0.03915347886465703,1.243598550548449
2,0.7,22.723261577473746,0.044007766956805604,0.001932940059303643,0.11853031134461833,0.8947812916505886,30.295825430172194,0.03300784797248273,0.0010883322701459996,0.12038856154206334,1.032291568291092
2,0.85,22.723261577473746,0.044007766956805604,0.001932940059303643,0.20717647523785848,0.8947812916505886,4.745736499670972,0.210715449555476,0.04251336474438379,0.12677745346688923,0.4322599063156949
2,0.9,22.723261577473746,0.044007766956805604,0.001932940059303643,0.23488563584503763,0.8947812916505886,1.5325910965910818,0.652489762092631,0.29861126626027434,0.10229823473722277,0.3389761240893625
2,0.95,22.723261577473746,0.044007766956805604,0.001932940059303643,0.23918710684596967,0.8947812916505886,1.0311377485793083,0.969802532569281,0.4846734016532419,0.09958088199020343,0.5861186317637985
2,0.99,22.723261577473746,0.044007766956805604,0.001932940059303643,0.1588416801616561,1.5658672603885297,1.2405331911797546,0.8061049934899315,0.39386785584674877,0.06809942823309617,0.5842958518939749
3,0.5,2.258847237219128,0.44270368687308936,0.16387019875327646,0.09807395388760998,0.3606691330557539,17.405247918800296,0.05745393600052365,0.0032900943094741376,0.09765552823155854,0.8302416747445108
3,0.7,2.258847237219128,0.44270368687308936,0.16387019875327646,0.15139309753566776,0.3606691330557539,12.057344845442707,0.08293699921653716,0.00683155467704589,0.19443329242780416,0.69300878402739
3,0.85,2.258847237219128,0.44270368687308936,0.16387019875327646,0.2125253430648414,0.3606691330557539,7.879507248399937,0.12691148931972443,0.015851218063554665,0.3176430794464621,0.565585209823975
3,0.9,2.258847237219128,0.44270368687308936,0.16387019875327646,0.23375897483486902,0.3606691330557539,0.7507774313455013,1.3319526643307005,0.6395224552119675,0.20532986978575413,0.3400743595347446
3,0.95,2.258847237219128,0.44270368687308936,0.16387019875327646,0.22879419230555784,0.6311709828475692,1.249410633433877,0.8003773725309206,0.3904683656074949,0.20203218958689703,0.3401887012013779
3,0.99,2.258847237219128,0.44270368687308936,0.16387019875327646,0.19426762019297278,0.6311709828475692,0.8039142805669764,1.2439137158936022,0.607430759831175,0.19476052193435517,0.33782386045114376
4,0.5,7.330174588023907,0.1364223986743518,0.01827102747307619,0.017222989089967444,0.5089046749154413,15.166556616918445,0.06593454435692345,0.0043285463722798545,0.013222283060474904,0.7178698400115417
4,0.7,7.330174588023907,0.1364223986743518,0.01827102747307619,0.07508362602677532,0.5089046749154413,25.16863401506803,0.039731993377205836,0.0015761431488219005,0.09542853151734132,0.9209868300016961
4,0.85,7.330174588023907,0.1364223986743518,0.01827102747307619,0.16606641837625707,0.5089046749154413,5.350510986850701,0.18689803692723514,0.033751893010735674,0.1493589013887377,0.4431507017971056
4,0.9,7.330174588023907,0.1364223986743518,0.01827102747307619,0.2021026562656733,0.5089046749154413,6.383690345863094,0.15664920223582632,0.023951233889891774,0.1936618741695652,0.477874014384817
4,0.95,7.330174588023907,0.1364223986743518,0.01827102747307619,0.22212641245497594,0.5089046749154413,4.913738235718222,0.20351104434724399,0.03976961707533631,0.19840362489034702,0.4290312960712279
4,0.99,7.330174588023907,0.1364223986743518,0.01827102747307619,0.19667444612102258,2.5445233745772065,2.1236544633750136,0.4708863975972587,0.18149122439366777,0.1912530729219718,0.5987206651050855
5,0.5,0.5125185168873871,1.951149016182228,0.791969285624829,0.19720062625484247,0.3352120796557161,18.70660950462007,0.05345704146724315,0.0028495123583872576,0.032391540112057804,0.7778561924313645
5,0.7,0.5125185168873871,1.951149016182228,0.791969285624829,0.3289717366225223,0.5866211393975032,9.747966924929603,0.10258549374460683,0.010414186878507455,0.1679018176689293,0.5657874559711765
5,0.85,0.5125185168873871,1.951149016182228,0.791969285624829,0.3459806289007574,0.3352120796557161,7.745673850024381,0.12910432576461406,0.01639466190445152,0.29589037430342646,0.5085909302170484
5,0.9,0.5125185168873871,1.951149016182228,0.791969285624829,0.33531760004319533,0.5866211393975032,7.202663039212468,0.13883753752686162,0.01891132964924798,0.31960854914307013,0.49187451859342063
5,0.95,0.5125185168873871,1.951149016182228,0.791969285624829,0.2940208524415298,0.8380301991392902,2.1952770713799388,0.4555233656093377,0.17184370398199858,0.26868254601410807,0.34191072513654003
5,0.99,0.5125185168873871,1.951149016182228,0.791969285624829,0.21113705830852986,1.2570452987089353,1.4807237920257679,0.6753453989092095,0.31322992868162386,0.22439606006312268,0.5688680882654895
6,0.5,236.95629647619634,0.004220187498163633,1.7809665329828434e-05,0.0328774293688211,3.146156010008513,13.707105855654177,0.07295486082406669,0.005294233626766754,0.02934852810352806,0.7600726030514682
6,0.7,236.95629647619634,0.004220187498163633,1.7809665329828434e-05,0.08902672755133378,3.146156010008513,14.824608247501354,0.0674554081500634,0.0045296212606816665,0.08203058676490926,0.7901304940503785
6,0.85,236.95629647619634,0.004220187498163633,1.7809665329828434e-05,0.17373226071134262,3.146156010008513,11.928235882093553,0.08383469356949766,0.006979204213081315,0.15031272660079043,0.7103091896581436
6,0.9,236.95629647619634,0.004220187498163633,1.7809665329828434e-05,0.21090982646462159,5.505773017514898,3.875181035061677,0.25805246024695305,0.06243355487655172,0.10613485948312368,0.428373036019587
6,0.95,236.95629647619634,0.004220187498163633,1.7809665329828434e-05,0.2295871192177075,5.505773017514898,1.4963244378586806,0.6683042625642422,0.3087385205756857,0.09530438192737264,0.6042661034131259
6,0.99,236.95629647619634,0.004220187498163633,1.7809665329828434e-05,0.12497436060000518,23.596170075063846,1.0266601166870615,0.9740321882054879,0.4868475706252091,0.05078623983778806,1.2679924443740243
7,0.5,13.452100627020492,0.07433783226326415,0.005495743205946649,0.027145779648543256,0.7224121203800946,12.453809435660403,0.08029671605031843,0.0064062578598282505,0.02673397927714649,0.6957080695478569
7,0.7,13.452100627020492,0.07433783226326415,0.005495743205946649,0.1109859743133117,0.7224121203800946,15.817506346183656,0.0632210904875833,0.0039809946200320325,0.11234817458929758,0.7828923631635416
7,0.85,13.452100627020492,0.07433783226326415,0.005495743205946649,0.21945706250130864,0.7224121203800946,6.023369364394655,0.16602003621282146,0.02682333029434647,0.14806020641120626,0.49408634274873137
7,0.9,13.452100627020492,0.07433783226326415,0.005495743205946649,0.26720600151436946,0.7224121203800946,1.8008598004746001,0.5552903117369041,0.2356769667853223,0.14833799715882456,0.34439877963409726
7,0.95,13.452100627020492,0.07433783226326415,0.005495743205946649,0.28615837690725443,0.7224121203800946,0.9544420983177148,1.047732493948648,0.5232972678784554,0.1356533274026917,0.33076939044539455
7,0.99,13.452100627020492,0.07433783226326415,0.005495743205946649,0.17344227826591568,1.8060303009502365,0.26502577359446533,3.7732179268351844,0.9343710302658881,0.08344168498764516,0.39129659020252805
8,0.5,8.644091221377494,0.11568596100963449,0.013206495850401175,0.0195873732671904,0.5940275772891551,17.488597540858095,0.057180113937880354,0.003258910209787749,0.022489419377670017,0.8370255310891186
8,0.7,8.644091221377494,0.11568596100963449,0.013206495850401175,0.08130684334082616,0.5940275772891551,27.341666118273498,0.03657421591187016,0.0013358862901865318,0.10149027485773265,1.0445525947433916
8,0.85,8.644091221377494,0.11568596100963449,0.013206495850401175,0.15707872675164292,0.5940275772891551,2.8665779826920277,0.34884800135836225,0.10849200170949895,0.10073590632203089,0.38509724549268864
8,0.9,8.644091221377494,0.11568596100963449,0.013206495850401175,0.21521698987383175,1.0395482602560215,3.4326504548659327,0.2913200785073982,0.07822835221080766,0.1151310934989237,0.4049747742051274
8,0.95,8.644091221377494,0.11568596100963449,0.013206495850401175,0.22975006109083748,2.2276034148343316,0.4991412739631394,2.0034408135798607,0.8005494898857886,0.1425803170525248,0.35659238876833804
8,0.99,8.644091221377494,0.11568596100963449,0.013206495850401175,0.15626474907993632,2.2276034148343316,0.40354438060252273,2.4780421883385495,0.8599575716544176,0.04603575144144072,0.6473585538464395
9,0.5,1.947101843769004,0.5135838185352958,0.20871573578168948,0.05293501376297716,0.35170550159725605,15.545369624842428,0.06432783678568442,0.0041210175241266295,0.017806437446932444,0.7766676694122053
9,0.7,1.947101843769004,0.5135838185352958,0.20871573578168948,0.08000204805551903,0.35170550159725605,14.699333093651726,0.0680302972678315,0.004606800514549759,0.11022897029821366,0.7555452192425558
9,0.85,1.947101843769004,0.5135838185352958,0.20871573578168948,0.14212294778724988,0.35170550159725605,3.3231389980353643,0.3009203047453624,0.08303404541820478,0.14317687775751298,0.3965603011489591
9,0.9,1.947101843769004,0.5135838185352958,0.20871573578168948,0.16500865177051022,0.35170550159725605,1.2405085400240665,0.8061210122588914,0.3938773440262729,0.1655277916908004,0.33833196964356066
9,0.95,1.947101843769004,0.5135838185352958,0.20871573578168948,0.16712946775205387,0.35170550159725605,0.9921649726377046,1.0078968997882134,0.5039328601198291,0.1461657862823981,0.5860789411533555
9,0.99,1.947101843769004,0.5135838185352958,0.20871573578168948,0.1464480932296638,0.615484627795198,1.1139807447875594,0.8976815844251458,0.44623870089393536,0.09347397420283007,0.8405057279932595
10,0.5,8.05674156977959,0.12411965697782178,0.01517195482693919,0.017918657489025214,0.5560550154231034,18.70473344519512,0.053462403136083206,0.002850082362309881,0.015373897924974234,0.8360103185379798
10,0.7,8.05674156977959,0.12411965697782178,0.01517195482693919,0.08410679143393907,0.5560550154231034,27.754788394526347,0.03602981891936219,0.0012964648483048367,0.08949515203681602,1.0175882328131658
10,0.85,8.05674156977959,0.12411965697782178,0.01517195482693919,0.1397541270791579,0.5560550154231034,8.464578286253573,0.11813937637318497,0.013764798169654363,0.14208795679553698,0.5692095531395364
10,0.9,8.05674156977959,0.12411965697782178,0.01517195482693919,0.1813807345593551,0.9730962769904309,3.5666492415694453,0.2803752015603212,0.07288105539881116,0.12337492594491861,0.3970348245443418
10,0.95,8.05674156977959,0.12411965697782178,0.01517195482693919,0.18018255447487985,1.3901375385577586,2.866226004912132,0.34889084052904484,0.10851575768505863,0.12187103952683154,0.373247807095209
10,0.99,8.05674156977959,0.12411965697782178,0.01517195482693919,0.1320771264488442,2.780275077115517,0.6658716201954131,1.501790990441266,0.6928158390849233,0.10362876637432694,0.33129115673636306
11,0.5,8.218273129297364,0.12168006395833875,0.014590017610259272,0.04034419022980307,0.5586507801223386,13.762838195606667,0.07265943156399361,0.005251667379227643,0.040184888904832294,0.7141957289422255
11,0.7,8.218273129297364,0.12168006395833875,0.014590017610259272,0.10693576673835237,0.5586507801223386,14.393227144180264,0.06947712212020071,0.004803881821886471,0.11072088863815666,0.7301697748363287
11,0.85,8.218273129297364,0.12168006395833875,0.014590017610259272,0.19838953246586588,0.5586507801223386,10.11801454404769,0.09883361954527811,0.00967359189084016,0.20595405130824307,0.6156979945747998
11,0.9,8.218273129297364,0.12168006395833875,0.014590017610259272,0.21621986679665633,0.5586507801223386,4.837304809807055,0.2067266875497736,0.040984416464905596,0.1870676656687154,0.44422303289297854
11,0.95,8.218273129297364,0.12168006395833875,0.014590017610259272,0.22066357635290093,0.5586507801223386,1.2959123628588867,0.7716571186912052,0.3732194374008078,0.16949226233156597,0.33887133758986465
11,0.99,8.218273129297364,0.12168006395833875,0.014590017610259272,0.17895958389406852,5.5865078012233855,1.8127928073185096,0.5516350219191372,0.23330592505206585,0.056875676660326106,1.7418032650763744
12,0.5,9.47240548466808,0.10556980501083783,0.011022142135258824,0.019508058074583223,0.6002044413592671,9.345596525317397,0.10700226542960427,0.011319878035482378,0.01958056475545411,0.5963993431841633
12,0.7,9.47240548466808,0.10556980501083783,0.011022142135258824,0.11430131845943758,0.6002044413592671,12.890670924354692,0.07757548120405999,0.005981956139482959,0.1197934189230756,0.6959903850453741
12,0.85,9.47240548466808,0.10556980501083783,0.011022142135258824,0.2128457213754773,0.6002044413592671,17.956046597369035,0.055691546275365676,0.003091958467929256,0.2725568464839919,2.047085595924182
12,0.9,9.47240548466808,0.10556980501083783,0.011022142135258824,0.22180523232675764,0.6002044413592671,2.453885228816377,0.4075170216833435,0.14241864163354664,0.16081358779540533,0.6339305777166203
12,0.95,9.47240548466808,0.10556980501083783,0.011022142135258824,0.2336974890387105,0.6002044413592671,1.2798681436337096,0.7813304870303842,0.3790660809718512,0.1091391510097072,0.5868903347815594
12,0.99,9.47240548466808,0.10556980501083783,0.011022142135258824,0.19558657669277457,6.002044413592671,0.7996525194281248,1.25054317432171,0.609962833369555,0.11790301735900258,0.8327369179448938
13,0.5,30.443756291393406,0.032847457798192405,0.0010777925935747908,0.02850950649629691,1.7452711661350067,20.44902104967723,0.048902096465678196,0.0023857098164054777,0.0201953185088386,0.8181920980933726
13,0.7,30.443756291393406,0.032847457798192405,0.0010777925935747908,0.07301840974944185,0.997297809220004,15.077897560236359,0.06632224393387669,0.004379376738550351,0.06581951847071599,0.7042402339725028
13,0.85,30.443756291393406,0.032847457798192405,0.0010777925935747908,0.16416103017767175,0.997297809220004,11.496766632667445,0.08698097751750077,0.007508880583777846,0.13853042358951345,0.6167591113973799
13,0.9,30.443756291393406,0.032847457798192405,0.0010777925935747908,0.1895572223455526,0.997297809220004,2.667629057348545,0.3748647126350982,0.12320968947690353,0.07896020924052077,0.34995572542352477
13,0.95,30.443756291393406,0.032847457798192405,0.0010777925935747908,0.20137191140167188,0.997297809220004,0.80330743470547,1.2448534107824445,0.6077908449059793,0.09972797922358378,0.3264366733739623
13,0.99,30.443756291393406,0.032847457798192405,0.0010777925935747908,0.11082209362884267,4.9864890461000195,0.5116382056848806,1.9545061117189177,0.7925351723845987,0.06801519498608723,0.5947103816793021
14,0.5,8.254534243598405,0.12114553898368344,0.014463964971012324,0.01213471064563032,0.56120203291766,15.459816292951425,0.06468382166067062,0.0041665638946911015,0.010912945528658291,0.7591645023681588
14,0.7,8.254534243598405,0.12114553898368344,0.014463964971012324,0.03998839445411939,0.56120203291766,21.450655509765845,0.04661862195981516,0.0021685829409885705,0.059572645812117964,0.8923104126542452
14,0.85,8.254534243598405,0.12114553898368344,0.014463964971012324,0.10120289775009633,0.56120203291766,4.034098488138517,0.24788685822626924,0.057890636743237356,0.06438751535865023,0.41629987963807547
14,0.9,8.254534243598405,0.12114553898368344,0.014463964971012324,0.1312934105609765,0.56120203291766,5.233633194239012,0.19107185446254868,0.035222533344607,0.10257988464290707,0.45806110341459894
14,0.95,8.254534243598405,0.12114553898368344,0.014463964971012324,0.18159166039690997,0.56120203291766,3.31774881094114,0.30140919550697737,0.08328157957457728,0.1233186843128872,0.39103007504366144
14,0.99,8.254534243598405,0.12114553898368344,0.014463964971012324,0.15418496017432454,1.40300508229415,0.534798026780976,1.8698647899266567,0.7775995773439871,0.07368006365341774,0.5953981848670539
15,0.5,9.99222166526702,0.10007784389691854,0.00991625781676877,0.030775516246234758,0.5891670505217148,9.571572307116645,0.10447604300669401,0.010797387448499292,0.030977543905637672,0.5769706906398945
15,0.7,9.99222166526702,0.10007784389691854,0.00991625781676877,0.1066130112758591,0.5891670505217148,8.204813849294505,0.12187966946818489,0.014637222949728029,0.09867743829091835,0.5365445634681243
15,0.85,9.99222166526702,0.10007784389691854,0.00991625781676877,0.18210075532581987,0.5891670505217148,11.904380204399589,0.08400269336411338,0.007007007874246588,0.19410602151783957,0.6410162887820671
15,0.9,9.99222166526702,0.10007784389691854,0.00991625781676877,0.1979079094822534,0.5891670505217148,5.245575741776122,0.1906368431659335,0.035067952216214796,0.14975101856637046,0.4406448037327797
15,0.95,9.99222166526702,0.10007784389691854,0.00991625781676877,0.23271535604867094,2.20937643945643,3.147551141183115,0.31770730804523656,0.09168358224939444,0.18115432182306362,0.920400287921114
15,0.99,9.99222166526702,0.10007784389691854,0.00991625781676877,0.1313744365206595,5.891670505217148,0.7976218592152458,1.2537269239133786,0.6111719928978879,0.09211083986714645,0.567461175681963
16,0.5,19.057189406519207,0.05247363494524088,0.002745921517892951,0.045207681007876976,1.408323022862411,18.723232418231348,0.053409581084208055,0.0028444692659185247,0.045191087316747036,1.3961404196811988
16,0.7,19.057189406519207,0.05247363494524088,0.002745921517892951,0.10436701024379935,1.408323022862411,19.408900128033608,0.05152275468487941,0.0026475660367397953,0.10441444137558542,1.4212248650054564
16,0.85,19.057189406519207,0.05247363494524088,0.002745921517892951,0.19074092779751245,1.408323022862411,6.0619225164782,0.16496416727229476,0.02649223852150394,0.17039441135862637,0.8188505167552098
16,0.9,19.057189406519207,0.05247363494524088,0.002745921517892951,0.2519247743837299,3.017835048990881,0.8809099675837865,1.1351897887395472,0.5630623113658519,0.12246143651601782,0.5764355696715378
16,0.95,19.057189406519207,0.05247363494524088,0.002745921517892951,0.23384508537352175,3.017835048990881,0.4518576315408735,2.2130864462550157,0.8304438598521761,0.10824486065319719,0.3548367469493672
16,0.99,19.057189406519207,0.05247363494524088,0.002745921517892951,0.17287553501264888,0.8047560130642349,0.348959116570239,2.8656652098060826,0.8914463771996641,0.06351393645555922,0.3729082114357336
17,0.5,15.131024869652355,0.06608937653692298,0.004348810929910268,0.018208059931268727,0.7269670459865735,17.86971035690815,0.05596061603838003,0.003121814303232272,0.018128110342475967,0.7890086977071622
17,0.7,15.131024869652355,0.06608937653692298,0.004348810929910268,0.07928328091741854,0.7269670459865735,13.270227805103698,0.07535665662162948,0.005646560990846804,0.07650637452428821,0.6813335369898751
17,0.85,15.131024869652355,0.06608937653692298,0.004348810929910268,0.18367440503074828,0.7269670459865735,3.7776534833010453,0.2647145918545618,0.06548502930287264,0.08799204332260158,0.3921230975791923
17,0.9,15.131024869652355,0.06608937653692298,0.004348810929910268,0.2230962338664889,0.7269670459865735,2.0396816286594746,0.4902725925208353,0.19378713986852555,0.10543181593779011,0.3411228433330069
17,0.95,15.131024869652355,0.06608937653692298,0.004348810929910268,0.23604163619312574,1.8174176149664336,0.6320981126734453,1.582032883740978,0.7145163887335173,0.08161815385422011,0.33759333049278273
17,0.99,15.131024869652355,0.06608937653692298,0.004348810929910268,0.1656415641975266,0.7269670459865735,0.9654464079442465,1.0357902746039833,0.5175750992556677,0.05960957753555582,0.8210477315196065
18,0.5,0.23262372491313246,4.298787668254496,0.9486641788331385,0.3726321629973277,0.4372733193705523,21.394928502934235,0.04674004869251392,0.0021798699378257026,0.020362184698913155,0.8869468808175247
18,0.7,0.23262372491313246,4.298787668254496,0.9486641788331385,0.3788103292168349,0.4372733193705523,12.137214559914199,0.08239122700382326,0.006742543780915508,0.06417041378430932,0.6714262734592134
18,0.85,0.23262372491313246,4.298787668254496,0.9486641788331385,0.3886203258653969,0.7652283088984665,2.191469133912378,0.45631489146950616,0.17233841094863953,0.0673552565338244,0.35827795214506136
18,0.9,0.23262372491313246,4.298787668254496,0.9486641788331385,0.30747963822033597,0.7652283088984665,1.789692764944432,0.5587551224363632,0.23792528053902792,0.0670757714283533,0.3494185969582851
18,0.95,0.23262372491313246,4.298787668254496,0.9486641788331385,0.18913996202252303,0.4372733193705523,0.6028368964495144,1.6588234825864656,0.7334538368194475,0.09782776498600526,0.6139902545542978
18,0.99,0.23262372491313246,4.298787668254496,0.9486641788331385,0.07280562459441889,0.7652283088984665,1.0494421838029793,0.9528871770488487,0.4758893295374108,0.04643738134280633,0.5962498785323597
19,0.5,3.7171535884662865,0.26902305116012276,0.06748899396122497,0.019976219847448018,0.4027892910963214,21.10855824421558,0.04737414978467475,0.0022392844192539534,0.014396029353936468,0.8782372313578268
19,0.7,3.7171535884662865,0.26902305116012276,0.06748899396122497,0.06038832018076834,0.4027892910963214,13.696725065202054,0.07301015353959345,0.005302219133467514,0.12131919072516528,0.7101018967364702
19,0.85,3.7171535884662865,0.26902305116012276,0.06748899396122497,0.12658654198395058,0.4027892910963214,5.720244939898108,0.1748176888414524,0.029654933263843993,0.1516670580046693,0.4724897162951809
19,0.9,3.7171535884662865,0.26902305116012276,0.06748899396122497,0.13281570315322921,0.4027892910963214,2.0278197128196283,0.4931404866409585,0.19561613338698342,0.1670862990322719,0.6184994921581567
19,0.95,3.7171535884662865,0.26902305116012276,0.06748899396122497,0.155485151520596,0.4027892910963214,3.1813789499654885,0.3143291056259889,0.08991858033545198,0.2004212668663541,0.6749779234498218
19,0.99,3.7171535884662865,0.26902305116012276,0.06748899396122497,0.13583845368433944,0.7048812594185624,0.5544386322760332,1.8036261216049962,0.7648755695264482,0.11671374310819324,0.6211447864553241
